fc;P_eddy;P_mag;P_tot;flux_r;flux_i
125840;53.8739;1762.59;1816.47;2.86872e-07;-3.09356e-08
158500;85.2654;2832.98;2918.24;2.87738e-07;-3.93891e-08
199500;156.5;4546.95;4703.45;2.8796e-07;-5.02257e-08
251170;312.842;7208.4;7521.25;2.85251e-07;-6.38373e-08
316230;665.035;11430.7;12095.7;2.80737e-07;-8.1426e-08
398100;1482.14;18366;19848.1;2.74892e-07;-1.04804e-07
