fc;P_eddy;P_mag;P_tot;flux_r;flux_i
63030;2989.84;28950.1;31939.9;2.33136e-06;-1.24656e-07
79460;2571.67;45491.2;48062.9;2.31621e-06;-1.56443e-07
99950;2624.31;71045.2;73669.5;2.29807e-06;-1.95857e-07
125860;3353.21;111735;115089;2.28373e-06;-2.46311e-07
158500;5364.32;179838;185202;2.29256e-06;-3.13834e-07
199500;9546.17;278464;288010;2.25352e-06;-3.93056e-07
251170;19032.2;439275;458307;2.2268e-06;-4.98342e-07
316230;41373.4;711626;753000;2.21511e-06;-6.42477e-07
398100;90769.4;1.12508e+06;1.21585e+06;2.15156e-06;-8.20296e-07
