fc;P_eddy;P_mag;P_tot;flux_r;flux_i
63020;1265.51;11606.8;12872.3;1.4764e-06;-7.89296e-08
79470;1076.72;18222.4;19299.1;1.46574e-06;-9.90125e-08
99950;1079.11;28309.2;29388.3;1.45062e-06;-1.23632e-07
125860;1371.94;44889.2;46261.1;1.44748e-06;-1.56118e-07
158500;2153.84;71562.2;73716;1.44616e-06;-1.97969e-07
199500;3882.27;112796;116678;1.43423e-06;-2.50156e-07
251170;7841.25;180675;188517;1.4281e-06;-3.19598e-07
316230;16242;279169;295411;1.38739e-06;-4.02402e-07
398100;35828.7;443972;479800;1.35155e-06;-5.15288e-07
