fc;P_eddy;P_mag;P_tot;flux_r;flux_i
125840;42.0468;1568.53;1610.58;2.86859e-07;-3.10642e-08
158500;77.1601;2521.09;2598.25;2.87709e-07;-3.95978e-08
199500;152.143;4046.44;4198.58;2.87898e-07;-5.058e-08
251170;313.977;6415.21;6729.18;2.85112e-07;-6.44571e-08
316230;676.798;10174;10850.8;2.80414e-07;-8.25312e-08
398100;1518.05;16350.7;17868.8;2.74133e-07;-1.06774e-07
