fc;P_eddy;P_mag;P_tot;flux_r;flux_i
63020;368.65;11530.8;11899.4;1.47547e-06;-9.47403e-08
79470;447.76;18103.1;18550.8;1.46427e-06;-1.18833e-07
99950;639.818;28123.8;28763.6;1.4483e-06;-1.48354e-07
125860;1061.42;44595.4;45656.9;1.44378e-06;-1.87281e-07
158500;1942.56;71094.8;73037.4;1.44022e-06;-2.37365e-07
199500;3770.82;112062;115833;1.4247e-06;-2.99676e-07
251170;7870.89;179514;187384;1.41262e-06;-3.82254e-07
316230;16535;277419;293954;1.36254e-06;-4.7983e-07
398100;36680.6;441342;478022;1.31118e-06;-6.10763e-07
