fc;P_eddy;P_mag;P_tot;flux_r;flux_i
63030;3155.1;28950.8;32105.9;2.33136e-06;-1.24656e-07
79460;2688.82;45492.3;48181.1;2.31621e-06;-1.56443e-07
99950;2708.21;71046.9;73755.2;2.29807e-06;-1.95857e-07
125860;3415.04;111738;115153;2.28373e-06;-2.46311e-07
158500;5412.78;179842;185255;2.29256e-06;-3.13834e-07
199500;9584.57;278470;288055;2.25352e-06;-3.93056e-07
251170;19064.8;439285;458350;2.2268e-06;-4.98342e-07
316230;41403.2;711644;753047;2.21511e-06;-6.42477e-07
398100;90797;1.12511e+06;1.21591e+06;2.15156e-06;-8.20296e-07
